Handle,Title,Vendor,Type,Tags,Published,Status,Option1 Name,Option1 Value,Option2 Name,Option2 Value,Variant SKU,Variant Price,Variant Compare At Price,Variant Requires Shipping,Variant Taxable,Variant Inventory Policy,Variant Fulfillment Service,SEO hidden (product.metafields.seo.hidden),Diluicao (product.metafields.consumivel.diluicao),Ph (product.metafields.consumivel.ph),Codigo (product.metafields.custom.codigo),Nome curto (product.metafields.custom.nome_curto),Pagina (product.metafields.custom.pagina),Preco modo (product.metafields.custom.preco_modo),Selo (product.metafields.custom.selo),Acionamento (product.metafields.equipamento.acionamento),Aplicacao (product.metafields.equipamento.aplicacao),Autonomia km (product.metafields.equipamento.autonomia_km),Autonomia min (product.metafields.equipamento.autonomia_min),Bombas (product.metafields.equipamento.bombas),Capacidade (product.metafields.equipamento.capacidade),Carga (product.metafields.equipamento.carga),Caudal (product.metafields.equipamento.caudal),Controlo (product.metafields.equipamento.controlo),Deposito (product.metafields.equipamento.deposito),Diluicao (product.metafields.equipamento.diluicao),Largura (product.metafields.equipamento.largura),Maquinas (product.metafields.equipamento.maquinas),Material (product.metafields.equipamento.material),Modo (product.metafields.equipamento.modo),Produto (product.metafields.equipamento.produto),Rendimento (product.metafields.equipamento.rendimento),Saidas (product.metafields.equipamento.saidas),Tipo (product.metafields.equipamento.tipo),Velocidade (product.metafields.equipamento.velocidade),Agua (product.metafields.instalacao.agua),Energia (product.metafields.instalacao.energia),Espaco (product.metafields.instalacao.espaco),Montagem (product.metafields.instalacao.montagem),Aplica a (product.metafields.servico.aplica_a),Avulso (product.metafields.servico.avulso),Duracao (product.metafields.servico.duracao),Etapa (product.metafields.servico.etapa),Inclui (product.metafields.servico.inclui),Preco modo (product.metafields.servico.preco_modo),Resumo (product.metafields.servico.resumo),Selo (product.metafields.servico.selo),Unidade (product.metafields.servico.unidade),Coleções (manual),Incluidos — SKUs (ligar após importação),Opcionais — SKUs (ligar após importação)
tiragorduras-htg-30,Tiragorduras HTG-30,Mistolin PRO,Consumível,"cozinha; desengordurantes",true,active,Formato,750 mL,,,HTG-30-750,4.35,,true,true,deny,manual,,até 10 %,13 – 14,HTG-30,HTG-30,,desde,Mais vendido,,,,,,,,,,,,,,,,,,,,,,,,,,,,,,,,,,cozinha,,
tiragorduras-htg-30,,,,,,,Formato,5 LT,,,HTG-30-5L,15.90,,true,true,deny,manual,,,,,,,,,,,,,,,,,,,,,,,,,,,,,,,,,,,,,,,,,,,,
tiragorduras-htg-30,,,,,,,Formato,10 LT,,,HTG-30-10L,28.50,,true,true,deny,manual,,,,,,,,,,,,,,,,,,,,,,,,,,,,,,,,,,,,,,,,,,,,
tiragorduras-htg-30,,,,,,,Formato,20 LT,,,HTG-30-20L,52.00,,true,true,deny,manual,,,,,,,,,,,,,,,,,,,,,,,,,,,,,,,,,,,,,,,,,,,,
mixpro-ds4,Central de Doseamento MixPro DS-4,Mistolin PRO,Equipamento,"doseamento; mais-vendido",true,active,Kit,Equipamento + Instalação,,,DS-4-INST,890.00,,true,true,deny,manual,,,,DS-4,MixPro DS-4,/equipamento/mixpro-ds4,desde,Mais vendido,,,,,,,,8,,,"0,1 – 10 %",,,,"Balde; Pulverizador; Recarga",,,4,doseamento,,Água fria,Sem energia,40 × 30 × 15 cm,Parede,,,,,,,,,,"equipamentos; equipamentos-doseamento","SRV-INST-DOS-4; SRV-FORM",SRV-MANUT-DOS
mixpro-ds4,,,,,,,Kit,Completo + Produto,,,DS-4-COMP,1190.00,1290.00,true,true,deny,manual,,,,,,,,,,,,,,,,,,,,,,,,,,,,,,,,,,,,,,,,,,,,
mixpro-ds2,Central de Doseamento MixPro DS-2,Mistolin PRO,Equipamento,doseamento,true,active,Title,Default Title,,,DS-2,590.00,,true,true,deny,manual,,,,DS-2,MixPro DS-2,,desde,,,,,,,,,8,,,"0,1 – 10 %",,,,"Balde; Pulverizador",,,2,doseamento,,Água fria,Sem energia,25 × 30 × 15 cm,Parede,,,,,,,,,,"equipamentos; equipamentos-doseamento","SRV-INST-DOS-4; SRV-FORM",SRV-MANUT-DOS
mixpro-ds1,Doseador de Parede MixPro DS-1,Mistolin PRO,Equipamento,"doseamento; novo",true,active,Title,Default Title,,,DS-1,249.00,,true,true,deny,manual,,,,DS-1,MixPro DS-1,,fixo,Novo,,,,,,,,4,,,"0,5 – 5 %",,,,Pulverizador,,,1,doseamento,,Água fria,Sem energia,15 × 25 × 12 cm,Parede,,,,,,,,,,"equipamentos; equipamentos-doseamento",,"SRV-INST-DOS-1; SRV-RECAL"
dosematic-l3,Doseador Dosematic L3 Lava-Loiça,Mistolin PRO,Equipamento,maquina,true,active,Title,Default Title,,,L3,690.00,,true,true,deny,manual,,,,L3,Dosematic L3,,desde,,,Lava-loiça,,,3,,,,Sinal da máquina,,,,1,,,,,,maquina,,Não precisa,230 V,Junto à máquina,Na máquina,,,,,,,,,,"equipamentos; equipamentos-maquina","SRV-INST-MAQ; SRV-FORM",SRV-MANUT-DOS
dosematic-w5,Doseador Dosematic W5 Lavandaria,Mistolin PRO,Equipamento,"maquina; sob-proposta",true,active,Title,Default Title,,,W5,0.00,,true,true,deny,manual,,,,W5,Dosematic W5,,proposta,,,Lavandaria,,,5,,,,Condutividade,,,,3,,,,,,maquina,,Não precisa,230 V,60 × 40 × 20 cm,Parede,,,,,,,,,,"equipamentos; equipamentos-maquina","SRV-VISITA; SRV-INST-MAQ; SRV-FORM",SRV-MANUT-DOS
dispensador-sabonete-automatico,Dispensador Automático de Sabonete,Mistolin PRO,Equipamento,dispensadores,true,active,Title,Default Title,,,DSP-A1,39.90,,true,true,deny,manual,,,,DSP-A1,Sabonete automático,,fixo,,Automático,,,,,1,,,,,,,,ABS,,Sabonete,,,dispensadores,,Não precisa,Pilhas,12 × 25 × 11 cm,Parede,,,,,,,,,,"equipamentos; equipamentos-dispensadores",,SRV-MONT-DISP
dispensador-gel-inox,Dispensador de Gel em Inox,Mistolin PRO,Equipamento,dispensadores,true,active,Title,Default Title,,,DSP-M2,54.50,,true,true,deny,manual,,,,DSP-M2,Gel em inox,,fixo,,Manual,,,,,0.9,,,,,,,,Inox,,Gel desinfetante,,,dispensadores,,Não precisa,Sem energia,11 × 22 × 10 cm,Parede,,,,,,,,,,"equipamentos; equipamentos-dispensadores",,SRV-MONT-DISP
lavadora-ls45,Lavadora de Pavimentos LS-45,Mistolin PRO,Equipamento,limpeza,true,active,Title,Default Title,,,LS-45,3490.00,,true,true,deny,manual,,,,LS-45,Lavadora LS-45,,desde,,,,,120,,,,,,40,,45,,,,,1800,,limpeza,,Água fria,Bateria,Arrumação com tomada,Móvel,,,,,,,,,,"equipamentos; equipamentos-limpeza","SRV-ENTREGA; SRV-FORM",SRV-MANUT-LIMP
lavadora-ls30,Lavadora Compacta LS-30,Mistolin PRO,Equipamento,limpeza,true,active,Title,Default Title,,,LS-30,1690.00,,true,true,deny,manual,,,,LS-30,Lavadora LS-30,,desde,,,,,,,,,,,15,,30,,,,,900,,limpeza,,Água fria,230 V,Arrumação com tomada,Móvel,,,,,,,,,,"equipamentos; equipamentos-limpeza",SRV-ENTREGA,"SRV-FORM; SRV-MANUT-LIMP"
brio-ride-on-75-550,Scooter Brio Ride-On 75-550,Ride-On,Equipamento,mobilidade,true,active,Cor,Vermelho,Bateria,Standard 45 km,75-550-VER-STD,2190.00,,true,true,deny,manual,,,,75-550,Brio Ride-On,/equipamento/brio-ride-on-75-550,desde,,,,45,,,,160,,,,,,,,,,,,mobilidade,15,Não precisa,Bateria,Desmontável · cabe na bagageira,Móvel,,,,,,,,,,"equipamentos; equipamentos-mobilidade",SRV-ENTREGA,
brio-ride-on-75-550,,,,,,,Cor,Vermelho,Bateria,Plus 60 km,75-550-VER-PLUS,2480.00,,true,true,deny,manual,,,,,,,,,,,,,,,,,,,,,,,,,,,,,,,,,,,,,,,,,,,,
brio-ride-on-75-550,,,,,,,Cor,Azul,Bateria,Standard 45 km,75-550-AZU-STD,2190.00,,true,true,deny,manual,,,,,,,,,,,,,,,,,,,,,,,,,,,,,,,,,,,,,,,,,,,,
brio-ride-on-75-550,,,,,,,Cor,Azul,Bateria,Plus 60 km,75-550-AZU-PLUS,2480.00,,true,true,deny,manual,,,,,,,,,,,,,,,,,,,,,,,,,,,,,,,,,,,,,,,,,,,,
brio-ride-on-75-550,,,,,,,Cor,Grafite,Bateria,Standard 45 km,75-550-GRA-STD,2190.00,,true,true,deny,manual,,,,,,,,,,,,,,,,,,,,,,,,,,,,,,,,,,,,,,,,,,,,
brio-ride-on-75-550,,,,,,,Cor,Grafite,Bateria,Plus 60 km,75-550-GRA-PLUS,2480.00,,true,true,deny,manual,,,,,,,,,,,,,,,,,,,,,,,,,,,,,,,,,,,,,,,,,,,,
servico-visita-tecnica,Visita técnica e diagnóstico,Mistolin PRO,Serviço,"servico; antes",true,active,Title,Default Title,,,SRV-VISITA,0.00,,false,true,continue,manual,1,,,,,,,,,,,,,,,,,,,,,,,,,,,,,,,,"doseamento; maquina; limpeza",true,≈ 1 h,antes,"Levantamento de pontos de água e energia; Recomendação de equipamento; Proposta por escrito",gratuito,"Vamos ao teu espaço, vemos a operação e dizemos-te o que faz sentido instalar — e onde.",Visita técnica incluída,,,,
servico-montagem-doseamento,Montagem de central de doseamento,Mistolin PRO,Serviço,"servico; arranque",true,active,Equipamento,1 saída,,,SRV-INST-DOS-1,79.00,,false,true,continue,manual,1,,,,,,,,,,,,,,,,,,,,,,,,,,,,,,,,doseamento,false,2 – 3 h,arranque,"Fixação em parede; Ligação à rede de água; Calibração por saída",desde,"Fixamos a central, ligamos à rede de água e calibramos cada saída ao teu plano de higiene.",Montagem incluída,,,,
servico-montagem-doseamento,,,,,,,Equipamento,Até 4 saídas,,,SRV-INST-DOS-4,120.00,,false,true,continue,manual,,,,,,,,,,,,,,,,,,,,,,,,,,,,,,,,,,,,,,,,,,,,
servico-instalacao-doseador-maquina,Instalação de doseador em máquina,Mistolin PRO,Serviço,"servico; arranque",true,active,Title,Default Title,,,SRV-INST-MAQ,150.00,,false,true,continue,manual,1,,,,,,,,,,,,,,,,,,,,,,,,,,,,,,,,maquina,false,2 – 4 h,arranque,"Ligação das bombas; Programação por ciclo; Teste de lavagem",desde,Ligamos as bombas à tua máquina de loiça ou de roupa e programamos a dose de cada ciclo.,Instalação incluída,,,,
servico-montagem-dispensadores,Montagem de dispensadores,Mistolin PRO,Serviço,"servico; arranque",true,active,Title,Default Title,,,SRV-MONT-DISP,15.00,,false,true,continue,manual,1,,,,,,,,,,,,,,,,,,,,,,,,,,,,,,,,dispensadores,false,≈ 15 min / unid.,arranque,"Fixação e nivelamento; Primeira carga incluída",fixo,Colocamos os dispensadores à altura certa e deixamo-los carregados e prontos a usar.,Montagem incluída,/ unid.,,,
servico-entrega-arranque,Entrega e arranque,Mistolin PRO,Serviço,"servico; arranque",true,active,Title,Default Title,,,SRV-ENTREGA,0.00,,false,true,continue,manual,1,,,,,,,,,,,,,,,,,,,,,,,,,,,,,,,,"limpeza; mobilidade",false,≈ 1 h,arranque,"Entrega no local; Montagem e verificação; Recolha da embalagem",incluido,"Entregamos, montamos, carregamos e fazemos a primeira utilização contigo.",Entrega e arranque incluídos,,,,
servico-formacao-equipa,Formação da equipa,Mistolin PRO,Serviço,"servico; arranque",true,active,Title,Default Title,,,SRV-FORM,90.00,,false,true,continue,manual,1,,,,,,,,,,,,,,,,,,,,,,,,,,,,,,,,"doseamento; maquina; limpeza",false,≈ 45 min,arranque,"Utilização e segurança; Boas práticas de diluição; Guia rápido impresso",desde,Uma sessão prática para a tua equipa usar o equipamento com segurança desde o primeiro turno.,Formação incluída,,,,
servico-manutencao-preventiva,Plano de manutenção preventiva,Mistolin PRO,Serviço,"servico; operacao; subscricao",true,active,Equipamento,Doseamento e máquinas,,,SRV-MANUT-DOS,19.00,,false,true,continue,manual,1,,,,,,,,,,,,,,,,,,,,,,,,,,,,,,,,"doseamento; maquina; limpeza",true,Contrato anual,operacao,"2 visitas por ano; Peças de desgaste incluídas; Prioridade na assistência",mensal,"Visitas periódicas para rever, limpar e recalibrar — antes de algo falhar.",,,,,
servico-manutencao-preventiva,,,,,,,Equipamento,Máquinas de limpeza,,,SRV-MANUT-LIMP,39.00,,false,true,continue,manual,,,,,,,,,,,,,,,,,,,,,,,,,,,,,,,,,,,,,,,,,,,,
servico-recalibracao,Recalibração de diluições,Mistolin PRO,Serviço,"servico; operacao",true,active,Title,Default Title,,,SRV-RECAL,65.00,,false,true,continue,manual,1,,,,,,,,,,,,,,,,,,,,,,,,,,,,,,,,"doseamento; maquina",true,≈ 1 h,operacao,"Medição de diluição; Ajuste por saída; Relatório de calibração",fixo,Mudaste de produto ou de plano de higiene? Acertamos as doses no local.,,,,,
servico-assistencia-tecnica,Assistência técnica,Mistolin PRO,Serviço,"servico; operacao; sob-orcamento",true,active,Title,Default Title,,,SRV-ASSIST,0.00,,false,true,continue,manual,1,,,,,,,,,,,,,,,,,,,,,,,,,,,,,,,,"doseamento; maquina; limpeza; mobilidade",true,Conforme avaria,operacao,"Diagnóstico no local; Reparação e peças; Resposta em 48 h úteis",orcamento,Algo parou? Um técnico da unidade mais próxima resolve no local.,,,,,
